{"stat.useItem.minecraft.string":55,"stat.useItem.minecraft.bow":131,"stat.useItem.minecraft.quartz_block":713,"stat.useItem.minecraft.painting":941,"stat.killEntity.EntityHorse":4,"stat.leaveGame":207,"stat.useItem.minecraft.bookshelf":340,"stat.useItem.minecraft.soul_sand":68,"stat.killEntity.Ozelot":2,"stat.killEntity.Blaze":47,"stat.useItem.minecraft.glowstone":834,"stat.killEntity.PigZombie":117,"stat.useItem.minecraft.planks":2086,"stat.useItem.minecraft.nether_brick_stairs":107,"stat.useItem.minecraft.diamond_hoe":82,"stat.useItem.minecraft.activator_rail":1,"stat.useItem.minecraft.vine":30,"stat.useItem.minecraft.rail":275,"stat.useItem.minecraft.anvil":23,"stat.killEntity.Witch":9,"stat.killEntity.Villager":83,"stat.useItem.minecraft.fence_gate":1,"stat.hopperInspected":94,"stat.useItem.minecraft.spawn_egg":127,"stat.trappedChestTriggered":42,"stat.useItem.minecraft.oak_stairs":110,"stat.furnaceInteraction":20,"stat.useItem.minecraft.dark_oak_stairs":450,"stat.useItem.minecraft.end_stone":28,"stat.useItem.minecraft.double_plant":32,"stat.useItem.minecraft.minecart":49,"stat.useItem.minecraft.cooked_mutton":3,"stat.useItem.minecraft.redstone":2838,"stat.useItem.minecraft.stained_glass":678,"stat.useItem.minecraft.fence":200,"stat.useItem.minecraft.stone_stairs":76,"stat.useItem.minecraft.dark_oak_door":11,"stat.useItem.minecraft.ice":35,"achievement.openInventory":3726,"stat.useItem.minecraft.cauldron":33,"stat.useItem.minecraft.flint_and_steel":231,"stat.useItem.minecraft.wooden_button":13,"stat.useItem.minecraft.hopper":54,"stat.useItem.minecraft.dye":13859,"stat.deaths":26,"stat.playOneMinute":12266597,"stat.useItem.minecraft.jungle_stairs":2,"stat.useItem.minecraft.nether_brick":1979,"stat.chestOpened":150,"stat.useItem.minecraft.lapis_ore":19,"stat.useItem.minecraft.stone":7341,"stat.killEntity.Ghast":5,"stat.useItem.minecraft.clay":10,"stat.useItem.minecraft.packed_ice":72,"stat.useItem.minecraft.quartz_ore":4,"stat.fallOneCm":22171,"stat.useItem.minecraft.trapped_chest":8,"stat.crouchOneCm":234138,"stat.craftItem.minecraft.diamond":18,"stat.craftItem.minecraft.banner":13,"stat.useItem.minecraft.nether_brick_fence":177,"stat.useItem.minecraft.emerald_ore":2,"stat.craftingTableInteraction":3,"stat.dropperInspected":74,"stat.useItem.minecraft.golden_rail":100,"stat.useItem.minecraft.dark_oak_fence":3,"stat.useItem.minecraft.furnace":5,"stat.useItem.minecraft.reeds":9,"stat.useItem.minecraft.stone_sword":14,"stat.killEntity.Rabbit":10,"stat.useItem.minecraft.wool":301,"stat.useItem.minecraft.iron_bars":101,"stat.flowerPotted":6,"stat.useItem.minecraft.torch":146,"stat.useItem.minecraft.bread":14,"stat.useItem.minecraft.log":556,"stat.useItem.minecraft.comparator":196,"stat.useItem.minecraft.cobblestone":492,"stat.useItem.minecraft.gravel":400,"stat.killEntity.LavaSlime":143,"stat.minecartOneCm":135806,"stat.useItem.minecraft.yellow_flower":3,"stat.useItem.minecraft.tallgrass":14,"stat.useItem.minecraft.birch_door":9,"stat.useItem.minecraft.iron_sword":59,"stat.useItem.minecraft.barrier":1159,"stat.useItem.minecraft.jungle_door":4,"stat.useItem.minecraft.daylight_detector":144,"stat.useItem.minecraft.wooden_pressure_plate":18,"stat.useItem.minecraft.stonebrick":1743,"stat.useItem.minecraft.wooden_door":4,"stat.useItem.minecraft.monster_egg":1,"stat.useItem.minecraft.spruce_door":19,"stat.craftItem.minecraft.golden_boots":1,"stat.craftItem.minecraft.paper":1,"stat.entityKilledBy.Blaze":1,"stat.breakItem.minecraft.leather_leggings":1,"stat.useItem.minecraft.web":126,"stat.useItem.minecraft.lapis_block":690,"stat.craftItem.minecraft.diamond_leggings":1,"stat.useItem.minecraft.repeater":1450,"stat.useItem.minecraft.log2":197,"stat.useItem.minecraft.beacon":4,"stat.useItem.minecraft.skull":17,"stat.useItem.minecraft.diamond_sword":1772,"stat.swimOneCm":349684,"stat.useItem.minecraft.snow":233,"stat.climbOneCm":81991,"stat.useItem.minecraft.coal_block":428,"stat.useItem.minecraft.redstone_torch":736,"stat.useItem.minecraft.obsidian":2063,"stat.useItem.minecraft.dirt":2711,"achievement.exploreAllBiomes":{"value":0,"progress":["Plains"]},"stat.useItem.minecraft.red_flower":98,"stat.useItem.minecraft.iron_ore":22,"stat.useItem.minecraft.detector_rail":22,"stat.craftItem.minecraft.bow":14,"stat.flyOneCm":49299790,"stat.timeSinceDeath":214952,"stat.useItem.minecraft.sign":124,"stat.useItem.minecraft.wooden_slab":706,"stat.useItem.minecraft.iron_door":75,"stat.useItem.minecraft.noteblock":1,"stat.killEntity.Bat":4,"stat.useItem.minecraft.lever":101,"stat.killEntity.Wolf":1,"stat.useItem.minecraft.acacia_stairs":16,"stat.killEntity.Creeper":78,"stat.useItem.minecraft.armor_stand":3,"stat.talkedToVillager":159,"stat.useItem.minecraft.chest_minecart":5,"stat.useItem.minecraft.milk_bucket":2,"stat.useItem.minecraft.sea_lantern":221,"stat.entityKilledBy.Skeleton":2,"stat.useItem.minecraft.written_book":6,"stat.useItem.minecraft.spruce_fence":27,"stat.useItem.minecraft.dropper":30,"stat.killEntity.Squid":9,"stat.sprintOneCm":8011724,"stat.useItem.minecraft.diamond_block":372,"stat.useItem.minecraft.hay_block":2,"stat.useItem.minecraft.stone_slab":547,"stat.useItem.minecraft.bed":6,"stat.useItem.minecraft.stone_pressure_plate":231,"stat.useItem.minecraft.carrot":7,"stat.killEntity.Endermite":3,"stat.drop":5,"stat.useItem.minecraft.cake":2,"stat.useItem.minecraft.banner":29,"stat.useItem.minecraft.ladder":93,"stat.useItem.minecraft.diamond_ore":20,"stat.killEntity.Zombie":56,"stat.useItem.minecraft.birch_stairs":2,"stat.killEntity.Guardian":7,"stat.diveOneCm":2371580,"stat.useItem.minecraft.sticky_piston":11,"stat.useItem.minecraft.quartz_stairs":12,"stat.useItem.minecraft.waterlily":64,"stat.entityKilledBy.Guardian":2,"stat.useItem.minecraft.carpet":382,"stat.useItem.minecraft.heavy_weighted_pressure_plate":7,"stat.useItem.minecraft.potion":171,"stat.useItem.minecraft.stained_glass_pane":1539,"stat.useItem.minecraft.flower_pot":11,"stat.useItem.minecraft.bedrock":2134,"stat.jump":30491,"stat.useItem.minecraft.sand":432,"stat.useItem.minecraft.iron_trapdoor":1,"stat.useItem.minecraft.piston":28,"stat.useItem.minecraft.mycelium":2,"stat.craftItem.minecraft.torch":1,"stat.useItem.minecraft.stone_button":328,"stat.useItem.minecraft.coal_ore":15,"stat.useItem.minecraft.light_weighted_pressure_plate":15,"stat.useItem.minecraft.glass":22,"stat.useItem.minecraft.dispenser":15,"stat.useItem.minecraft.sapling":2022,"stat.useItem.minecraft.redstone_lamp":46,"stat.damageTaken":7374,"stat.useItem.minecraft.stone_brick_stairs":187,"stat.mineBlock.minecraft.red_flower":2,"stat.useItem.minecraft.gold_block":440,"stat.dispenserInspected":20,"stat.tradedWithVillager":42,"stat.noteblockTuned":1,"stat.useItem.minecraft.slime":17,"stat.killEntity.CaveSpider":88,"stat.useItem.minecraft.birch_fence":4,"stat.damageDealt":167022,"stat.killEntity.Cow":3,"stat.useItem.minecraft.crafting_table":126,"stat.craftItem.minecraft.iron_sword":1,"stat.useItem.minecraft.command_block":1995,"stat.walkOneCm":26207561,"stat.useItem.minecraft.chest":72,"stat.useItem.minecraft.pumpkin":2,"stat.useItem.minecraft.tnt":13,"stat.useItem.minecraft.emerald_block":18,"stat.useItem.minecraft.gold_ore":16,"stat.useItem.minecraft.redstone_block":779,"stat.useItem.minecraft.item_frame":124,"stat.useItem.minecraft.spruce_stairs":1288,"stat.useItem.minecraft.stained_hardened_clay":3890,"stat.useItem.minecraft.leaves":1367,"stat.useItem.minecraft.redstone_ore":11,"stat.useItem.minecraft.netherrack":38,"stat.useItem.minecraft.prismarine":272,"stat.killEntity.Skeleton":44,"stat.useItem.minecraft.tripwire_hook":17,"stat.killEntity.Chicken":12,"stat.useItem.minecraft.iron_block":5,"stat.mobKills":730,"stat.craftItem.minecraft.shears":1,"stat.useItem.minecraft.boat":2,"stat.useItem.minecraft.cobblestone_wall":917,"stat.useItem.minecraft.writable_book":88,"stat.useItem.minecraft.map":1,"stat.useItem.minecraft.sandstone":2}