{"stat.useItem.minecraft.bow":24,"stat.useItem.minecraft.lapis_block":161,"stat.useItem.minecraft.quartz_block":14,"stat.useItem.minecraft.repeater":1041,"stat.leaveGame":127,"stat.useItem.minecraft.beacon":9,"stat.killEntity.Ozelot":2,"stat.useItem.minecraft.skull":1,"stat.useItem.minecraft.diamond_sword":334,"stat.useItem.minecraft.glowstone":256,"stat.swimOneCm":25661,"stat.useItem.minecraft.snow":291,"stat.climbOneCm":4918,"stat.useItem.minecraft.coal_block":2,"stat.useItem.minecraft.redstone_torch":152,"stat.useItem.minecraft.obsidian":20,"stat.useItem.minecraft.dirt":153,"achievement.exploreAllBiomes":{"value":0,"progress":["Plains"]},"stat.useItem.minecraft.detector_rail":15,"stat.useItem.minecraft.rail":4,"stat.useItem.minecraft.anvil":5,"stat.flyOneCm":6710507,"stat.useItem.minecraft.ender_pearl":5,"stat.killEntity.Villager":6,"stat.timeSinceDeath":183628,"stat.hopperInspected":132,"stat.useItem.minecraft.sign":54,"stat.useItem.minecraft.spawn_egg":29,"stat.useItem.minecraft.iron_door":28,"stat.trappedChestTriggered":2,"stat.useItem.minecraft.lever":12,"stat.furnaceInteraction":2,"stat.killEntity.Creeper":68,"stat.talkedToVillager":10,"stat.useItem.minecraft.minecart":3,"stat.useItem.minecraft.redstone":950,"stat.useItem.minecraft.sea_lantern":159,"stat.useItem.minecraft.written_book":2,"stat.useItem.minecraft.dropper":4,"stat.sprintOneCm":222827,"stat.useItem.minecraft.diamond_block":90,"stat.useItem.minecraft.stained_glass":23,"stat.useItem.minecraft.stone_slab":8,"stat.useItem.minecraft.ice":1,"stat.useItem.minecraft.bed":2,"achievement.openInventory":468,"stat.useItem.minecraft.wooden_button":9,"stat.useItem.minecraft.stone_pressure_plate":15,"stat.killEntity.Endermite":9,"stat.useItem.minecraft.hopper":52,"stat.entityKilledBy.Creeper":1,"stat.deaths":33,"stat.playOneMinute":4807275,"stat.useItem.minecraft.nether_brick":5,"stat.killEntity.Zombie":2,"stat.diveOneCm":209675,"stat.chestOpened":15,"stat.useItem.minecraft.stone":942,"stat.useItem.minecraft.clay":82,"stat.useItem.minecraft.potion":38,"stat.useItem.minecraft.packed_ice":1,"stat.useItem.minecraft.bedrock":161,"stat.jump":9333,"stat.fallOneCm":25301,"stat.useItem.minecraft.piston":1,"stat.crouchOneCm":33588,"stat.useItem.minecraft.stone_button":124,"stat.dropperInspected":1,"stat.useItem.minecraft.golden_rail":107,"stat.damageTaken":4047,"stat.useItem.minecraft.gold_block":16,"stat.dispenserInspected":16,"stat.damageDealt":28345,"stat.entityKilledBy.Ghast":1,"stat.useItem.minecraft.command_block":806,"stat.walkOneCm":5977023,"stat.useItem.minecraft.torch":18,"stat.useItem.minecraft.bread":1,"stat.useItem.minecraft.chest":3,"stat.useItem.minecraft.log":48,"stat.useItem.minecraft.comparator":84,"stat.useItem.minecraft.tnt":4,"stat.useItem.minecraft.emerald_block":2,"stat.useItem.minecraft.redstone_block":255,"stat.useItem.minecraft.item_frame":36,"stat.useItem.minecraft.leaves":248,"stat.useItem.minecraft.prismarine":108,"stat.useItem.minecraft.barrier":89,"stat.mobKills":94,"stat.useItem.minecraft.stonebrick":4,"stat.entityKilledBy.Silverfish":1}