{"stat.useItem.minecraft.anvil":1,"stat.flyOneCm":196944,"stat.deaths":1,"stat.walkOneCm":66226,"stat.useItem.minecraft.torch":1,"stat.jump":84,"stat.swimOneCm":550,"stat.playOneMinute":22023,"achievement.openInventory":11,"stat.climbOneCm":1024,"stat.useItem.minecraft.milk_bucket":1,"stat.leaveGame":1,"stat.damageTaken":200,"stat.crouchOneCm":24,"stat.timeSinceDeath":21910,"stat.sprintOneCm":25392,"achievement.exploreAllBiomes":{"value":0,"progress":["Plains"]},"stat.diveOneCm":38674,"stat.useItem.minecraft.potion":4}